#Front	Back	Quelle	Tags
LP+-Verortung: In welcher Jahrgangsstufe und welchem Lernbereich verlangt der LehrplanPLUS das Thema „Antike Hochkultur — Gesellschaftsordnung Ägypten“ — und mit welchem Operator?	GPG5 LB3 (Zug R+M)  ·  Operator: darstellen / erklären  ·  AFB I–II<br><br>Wortlaut: „stellen die unterschiedlichen Lebens- und Arbeitsbedingungen der Menschen im alten Ägypten dar und erklären anhand der hierarchisch aufgebauten Gesellschaftspyramide deren unterschiedliche Stellung und Macht in der Hochkultur.“	LehrplanPLUS MS Bayern · GPG5 · LB3 Politik und Gesellschaft | idealtypisch — kein eigenes GPG5-Schriftwesen vorliegend	MP_N18_Sk_KE GPG5 LB3 idealtypisch Verortung
GPG5 LB3 „stellen die unterschiedlichen Lebens- und Arbeitsbedingungen der Menschen im alten Ägypten dar und erklären anhand der h...“ — Nenne ein Unterrichtsbeispiel und die abgedeckten didaktischen Prinzipien.	Umsetzung [idealtypisch]: Sequenz „Wer hatte die Macht im alten Ägypten?“ — Gesellschaftspyramide als Strukturmodell<br><br>Verlauf: Bildimpuls Pyramidenbau → arbeitsteilige Erarbeitung der Schichten (Pharao / Beamte+Priester / Handwerker+Bauern / Sklaven) → SuS bauen die Pyramide als Tafelbild selbst → Transfer „Wer entscheidet, wer arbeitet?“ → Vergleich mit heutiger Gesellschaft.<br><br>Prinzipien: Kompetenzstrukturmodell GPG, Multiperspektivität	LehrplanPLUS MS Bayern · GPG5 · LB3 Politik und Gesellschaft | idealtypisch — kein eigenes GPG5-Schriftwesen vorliegend	MP_N18_Sk_KE GPG5 LB3 idealtypisch Umsetzung
LP+-Verortung: In welcher Jahrgangsstufe und welchem Lernbereich verlangt der LehrplanPLUS das Thema „Antike Demokratie — Volksversammlung Griechenland“ — und mit welchem Operator?	GPG5 LB3 (Zug R+M)  ·  Operator: beschreiben / beurteilen  ·  AFB I + III<br><br>Wortlaut: „beschreiben Zusammensetzung und Befugnisse der Volksversammlung im antiken Griechenland und beurteilen diese Form der Mitsprache für die Bürgerinnen und Bürger als ersten Ansatz von Demokratie.“	LehrplanPLUS MS Bayern · GPG5 · LB3 Politik und Gesellschaft | idealtypisch — kein eigenes GPG5-Schriftwesen vorliegend	MP_N18_Sk_KE GPG5 LB3 idealtypisch Anker Verortung
GPG5 LB3 „beschreiben Zusammensetzung und Befugnisse der Volksversammlung im antiken Griechenland und beurteilen diese Form der Mi...“ — Nenne ein Unterrichtsbeispiel und die abgedeckten didaktischen Prinzipien.	Umsetzung [idealtypisch]: Sequenz „War das schon Demokratie?“ — Volksversammlung als Urteilsgegenstand<br><br>Verlauf: Rekonstruktion der Ekklesia (wer durfte mitreden? Männer/Bürger — keine Frauen, keine Sklaven) → SuS simulieren eine Abstimmung → Urteilsfrage „War das gerecht?“ an der Meinungslinie → Bezug zur eigenen Klassensprecherwahl.<br><br>Prinzipien: Demokratielernen / Schule als Polis, Politische Urteilsbildung / Pro-Contra, Mündigkeit (Detjen)	LehrplanPLUS MS Bayern · GPG5 · LB3 Politik und Gesellschaft | idealtypisch — kein eigenes GPG5-Schriftwesen vorliegend	MP_N18_Sk_KE GPG5 LB3 idealtypisch Anker Umsetzung
LP+-Verortung: In welcher Jahrgangsstufe und welchem Lernbereich verlangt der LehrplanPLUS das Thema „Konflikte — Regeln für friedliches Zusammenleben“ — und mit welchem Operator?	GPG5 LB4 (Zug R+M)  ·  Operator: beschreiben / formulieren  ·  AFB I–II<br><br>Wortlaut: „beschreiben Konfliktsituationen aus ihrem Alltag (z. B. Peergroup, Familie, Schule) und formulieren Regeln für ein friedliches und gewaltfreies Zusammenleben in ihrem sozialen Umfeld.“	LehrplanPLUS MS Bayern · GPG5 · LB4 Lebenswelt | idealtypisch — angelehnt an reales Antigewalt-/Antiaggressionstraining GPG7c 10.11.2025 (Belegcluster B), dort höhere Jgst.	MP_N18_Sk_KE GPG5 LB4 idealtypisch Verortung
GPG5 LB4 „beschreiben Konfliktsituationen aus ihrem Alltag (z. B. Peergroup, Familie, Schule) und formulieren Regeln für ein fried...“ — Nenne ein Unterrichtsbeispiel und die abgedeckten didaktischen Prinzipien.	Umsetzung [idealtypisch]: Sequenz „Streit — und dann?“ — Konfliktregeln selbst erarbeiten<br><br>Verlauf: Fallkarten mit Alltagskonflikten → Rollenspiel „Konflikt nachstellen und anders lösen“ → SuS formulieren Klassenregeln → Plakat als verbindliches Klassen-Produkt.<br><br>Prinzipien: Handlungsorientierung, Rollenspiel, Lebensweltbezug	LehrplanPLUS MS Bayern · GPG5 · LB4 Lebenswelt | idealtypisch — angelehnt an reales Antigewalt-/Antiaggressionstraining GPG7c 10.11.2025 (Belegcluster B), dort höhere Jgst.	MP_N18_Sk_KE GPG5 LB4 idealtypisch Umsetzung
LP+-Verortung: In welcher Jahrgangsstufe und welchem Lernbereich verlangt der LehrplanPLUS das Thema „Demokratische Verhaltensweisen — Klassenrat“ — und mit welchem Operator?	GPG5 LB4 (Zug R+M)  ·  Operator: anwenden / mitgestalten  ·  AFB III (Anwendung / Handlung)<br><br>Wortlaut: „wenden demokratische Verhaltensweisen (z. B. bei Klassensprecherwahl, Klassenrat) an, und gestalten ein friedliches und respektvolles Zusammenleben in Familie, Schule und Gesellschaft mit, indem sie z. B. aktiv zuhören, ihre Standpunkte artikulieren, Gesprächsregeln einhalten, argumentieren und verhandeln, Kompromisse finden, Entscheidungen treffen, Beschlüsse fassen und diese in sozialer Verantwortung umsetzen.“	LehrplanPLUS MS Bayern · GPG5 · LB4 Lebenswelt — wirkt als Schulleitprinzip in allen Jgst. | Belegcluster E · Wochenpläne_Timeline_GPG7c · Verlauf_27.04.md	MP_N18_Sk_KE GPG5 LB4 real Anker Verortung
GPG5 LB4 „wenden demokratische Verhaltensweisen (z. B. bei Klassensprecherwahl, Klassenrat) an, und gestalten ein friedliches und ...“ — Nenne ein Unterrichtsbeispiel und die abgedeckten didaktischen Prinzipien.	Umsetzung [real]: Klassenrat als ritualisierte Demokratiepraxis (GPG7c (Hauptanker), 17.10.2025 · 01.12.2025 · 02.02.2026 · 27.04.2026 (4× durchgeführt))<br><br>Verlauf: Themenspeicher von SuS gesetzt → Sitzungsleitung rotiert → Aussprache mit Gesprächsregeln → Mehrheitsbeschluss → Umsetzung in Verantwortung. 27.04.2026: Mobbingvorfall als Konfliktbearbeitung in einer Doppelstunde.<br><br>Prinzipien: Demokratielernen / Schule als Polis, Handlungsorientierung — Realhandeln, Beutelsbacher Konsens, Werterziehung	LehrplanPLUS MS Bayern · GPG5 · LB4 Lebenswelt — wirkt als Schulleitprinzip in allen Jgst. | Belegcluster E · Wochenpläne_Timeline_GPG7c · Verlauf_27.04.md	MP_N18_Sk_KE GPG5 LB4 real Anker Umsetzung
LP+-Verortung: In welcher Jahrgangsstufe und welchem Lernbereich verlangt der LehrplanPLUS das Thema „Familiärer Wandel — Formen des Zusammenlebens“ — und mit welchem Operator?	GPG5 LB4 (Zug R+M)  ·  Operator: darstellen / beschreiben / diskutieren  ·  AFB II–III<br><br>Wortlaut: „stellen Ursachen für den aktuellen familiären Wandel in der Gesellschaft dar, indem sie die Entwicklung unterschiedlicher Formen des Zusammenlebens (z. B. Partnerschaft bzw. Ehe mit und ohne Kinder, Patchworkfamilie, gleichgeschlechtliche Partnerschaften) beschreiben und diskutieren.“	LehrplanPLUS MS Bayern · GPG5 · LB4 Lebenswelt | idealtypisch — kein eigenes GPG5-Schriftwesen vorliegend	MP_N18_Sk_KE GPG5 LB4 idealtypisch Verortung
GPG5 LB4 „stellen Ursachen für den aktuellen familiären Wandel in der Gesellschaft dar, indem sie die Entwicklung unterschiedliche...“ — Nenne ein Unterrichtsbeispiel und die abgedeckten didaktischen Prinzipien.	Umsetzung [idealtypisch]: Sequenz „Familie heute“ — Vielfalt der Lebensformen<br><br>Verlauf: anonyme Kartenabfrage „Wer gehört zu deiner Familie?“ → Statistik-Auswertung Familienformen heute/früher → Diskussion „Was macht eine Familie aus?“ → Beutelsbach-sensible Moderation.<br><br>Prinzipien: Beutelsbacher Konsens, Lebensweltbezug, Multiperspektivität	LehrplanPLUS MS Bayern · GPG5 · LB4 Lebenswelt | idealtypisch — kein eigenes GPG5-Schriftwesen vorliegend	MP_N18_Sk_KE GPG5 LB4 idealtypisch Umsetzung
LP+-Verortung: In welcher Jahrgangsstufe und welchem Lernbereich verlangt der LehrplanPLUS das Thema „Inklusion — Umgang mit Menschen mit Behinderung“ — und mit welchem Operator?	GPG5 LB4 (Zug R+M)  ·  Operator: umgehen / kooperieren  ·  AFB Anwendung / Haltung<br><br>Wortlaut: „gehen wertschätzend mit Menschen mit Behinderung um und kooperieren bei gemeinsamen Vorhaben.“	LehrplanPLUS MS Bayern · GPG5 · LB4 Lebenswelt | idealtypisch — kein eigenes GPG5-Schriftwesen vorliegend	MP_N18_Sk_KE GPG5 LB4 idealtypisch Verortung
GPG5 LB4 „gehen wertschätzend mit Menschen mit Behinderung um und kooperieren bei gemeinsamen Vorhaben.“ — Nenne ein Unterrichtsbeispiel und die abgedeckten didaktischen Prinzipien.	Umsetzung [idealtypisch]: Projekt „Gemeinsam geht mehr“ — kooperatives Vorhaben mit Inklusionsbezug<br><br>Verlauf: Perspektivübung (Alltag mit Einschränkung simulieren) → gemeinsames Klassenprojekt mit kooperativem Pflichtanteil → Reflexion „Was hilft beim Zusammenarbeiten?“.<br><br>Prinzipien: Handlungsorientierung, Werterziehung	LehrplanPLUS MS Bayern · GPG5 · LB4 Lebenswelt | idealtypisch — kein eigenes GPG5-Schriftwesen vorliegend	MP_N18_Sk_KE GPG5 LB4 idealtypisch Umsetzung
LP+-Verortung: In welcher Jahrgangsstufe und welchem Lernbereich verlangt der LehrplanPLUS das Thema „Kommunalpolitik — Motive der Wohnortwahl“ — und mit welchem Operator?	GPG6 LB4 (Zug R+M)  ·  Operator: recherchieren / beurteilen  ·  AFB II–III<br><br>Wortlaut: „recherchieren in ihrem familiären Umfeld die Motive für die Wahl des eigenen Wohnortes (z. B. Freizeitwert, Verkehrsanbindungen) und beurteilen diese Entscheidung.“	LehrplanPLUS MS Bayern · GPG6 · LB4 Lebenswelt | idealtypisch — kein eigenes GPG6-Schriftwesen vorliegend	MP_N18_Sk_KE GPG6 LB4 idealtypisch Verortung
GPG6 LB4 „recherchieren in ihrem familiären Umfeld die Motive für die Wahl des eigenen Wohnortes (z. B. Freizeitwert, Verkehrsanbi...“ — Nenne ein Unterrichtsbeispiel und die abgedeckten didaktischen Prinzipien.	Umsetzung [idealtypisch]: Mini-Sozialstudie „Warum wohnen wir hier?“ — Befragung im familiären Umfeld<br><br>Verlauf: SuS entwickeln einen kurzen Fragebogen → Befragung im familiären Umfeld als Hausaufgabe → Auswertung und Clusterung der Motive im Plenum → Urteilsfrage „War die Wohnortwahl gut begründet?“.<br><br>Prinzipien: Erkundung / Außerschulische Lernorte, Lebensweltbezug, Politische Urteilsbildung	LehrplanPLUS MS Bayern · GPG6 · LB4 Lebenswelt | idealtypisch — kein eigenes GPG6-Schriftwesen vorliegend	MP_N18_Sk_KE GPG6 LB4 idealtypisch Umsetzung
LP+-Verortung: In welcher Jahrgangsstufe und welchem Lernbereich verlangt der LehrplanPLUS das Thema „Kommunalpolitik — Aufbau der kommunalen Selbstverwaltung“ — und mit welchem Operator?	GPG6 LB4 (Zug R+M)  ·  Operator: darstellen  ·  AFB II<br><br>Wortlaut: „stellen den Aufbau und die Funktionszusammenhänge der kommunalen Selbstverwaltung sowie die Mitwirkungsmöglichkeiten der Bürgerinnen und Bürger in der Gemeinde dar.“	LehrplanPLUS MS Bayern · GPG6 · LB4 Lebenswelt | idealtypisch — kein eigenes GPG6-Schriftwesen vorliegend	MP_N18_Sk_KE GPG6 LB4 idealtypisch Verortung
GPG6 LB4 „stellen den Aufbau und die Funktionszusammenhänge der kommunalen Selbstverwaltung sowie die Mitwirkungsmöglichkeiten der...“ — Nenne ein Unterrichtsbeispiel und die abgedeckten didaktischen Prinzipien.	Umsetzung [idealtypisch]: UE „Wer entscheidet in unserer Gemeinde?“ — Strukturmodell kommunale Selbstverwaltung<br><br>Verlauf: Organigramm Gemeinderat / Bürgermeister / Verwaltung gemeinsam aufbauen → Mitwirkungsmöglichkeiten als Beteiligungsleiter (Wahl bis Bürgerentscheid) → Zuordnungsaufgabe konkreter Beteiligungsformen.<br><br>Prinzipien: Kompetenzstrukturmodell GPG, Demokratielernen	LehrplanPLUS MS Bayern · GPG6 · LB4 Lebenswelt | idealtypisch — kein eigenes GPG6-Schriftwesen vorliegend	MP_N18_Sk_KE GPG6 LB4 idealtypisch Umsetzung
LP+-Verortung: In welcher Jahrgangsstufe und welchem Lernbereich verlangt der LehrplanPLUS das Thema „Kommunalpolitik — Entscheidungsprozesse erproben“ — und mit welchem Operator?	GPG6 LB4 (Zug R+M)  ·  Operator: erläutern / erproben  ·  AFB II + Anwendung/Handlung<br><br>Wortlaut: „erläutern ausgehend von einem aktuellen Fallbeispiel aus ihrem Umfeld die kommunalpolitischen Entscheidungsprozesse und erproben ihre Mitwirkungsmöglichkeiten bei exemplarischen Fällen an ihrem Wohnort.“	LehrplanPLUS MS Bayern · GPG6 · LB4 Lebenswelt — einziger MS-LB mit explizitem „erproben“ in der Kommunalpolitik | idealtypisch — kein eigenes GPG6-Schriftwesen vorliegend	MP_N18_Sk_KE GPG6 LB4 idealtypisch Anker Verortung
GPG6 LB4 „erläutern ausgehend von einem aktuellen Fallbeispiel aus ihrem Umfeld die kommunalpolitischen Entscheidungsprozesse und ...“ — Nenne ein Unterrichtsbeispiel und die abgedeckten didaktischen Prinzipien.	Umsetzung [idealtypisch]: Fallanalyse „Soll der Skatepark gebaut werden?“ — kommunalpolitischer Entscheidungsprozess am realen Ortsfall<br><br>Verlauf: aktueller Fall aus der Gemeinde (Skatepark, Bushaltestelle o. Ä.) → Rekonstruktion des Entscheidungswegs Antrag → Ausschuss → Gemeinderat → Erproben: SuS formulieren eine reale Eingabe / einen Antrag ans Kinder- und Jugendforum.<br><br>Prinzipien: Fallanalyse, Handlungsorientierung — Realhandeln, Aktualität / Lebensweltbezug, Demokratielernen	LehrplanPLUS MS Bayern · GPG6 · LB4 Lebenswelt — einziger MS-LB mit explizitem „erproben“ in der Kommunalpolitik | idealtypisch — kein eigenes GPG6-Schriftwesen vorliegend	MP_N18_Sk_KE GPG6 LB4 idealtypisch Anker Umsetzung
LP+-Verortung: In welcher Jahrgangsstufe und welchem Lernbereich verlangt der LehrplanPLUS das Thema „Soziale Frage — Lebens- und Arbeitsverhältnisse der Industrialisierung“ — und mit welchem Operator?	GPG7 LB3 (Zug R+M)  ·  Operator: beschreiben (R) / beschreiben + vergleichen (M)  ·  AFB I (R) / II (M)<br><br>Wortlaut: „beschreiben die Lebens- und Arbeitsverhältnisse von Arbeiterinnen bzw. Arbeitern und deren Familien sowie Lösungsansätze der Sozialen Frage während der Industrialisierung.“	LehrplanPLUS MS Bayern · GPG7 · LB3 Politik und Gesellschaft | Belegcluster D · TUV_03_Landflucht.md · TUV_04_Leben_in_der_Stadt.md · TUV_05_Streik_und_Gewerkschaft.md	MP_N18_Sk_KE GPG7 LB3 real Anker Verortung
GPG7 LB3 „beschreiben die Lebens- und Arbeitsverhältnisse von Arbeiterinnen bzw. Arbeitern und deren Familien sowie Lösungsansätze...“ — Nenne ein Unterrichtsbeispiel und die abgedeckten didaktischen Prinzipien.	Umsetzung [real]: Sequenz „Industrialisierung / Soziale Frage“ — Identifikationsfiguren Johann und Anna (GPG7c und GPG7b (zeitversetzt), KW09–KW13 / Feb–März 2026)<br><br>Verlauf: UZE1 Dampfmaschine verändert das Leben → UZE2 Erfindungen (arbeitsteilige PA mit Bildpaaren) → UZE3 Landflucht „Warum zieht Johann in die Stadt?“ (Push/Pull) → UZE4 „Warum ist Anna in der Stadt unzufrieden?“ (Bildanalyse Lebensbedingungen) → UZE5 „Wie wehrten sich die Arbeiter?“ (Streik/Gewerkschaft) → UZE6 Revoluti...<br><br>Prinzipien: Lebensweltbezug / Identifikationsfiguren, Multiperspektivität, Narrative Kompetenz, Handlungsorientierung	LehrplanPLUS MS Bayern · GPG7 · LB3 Politik und Gesellschaft | Belegcluster D · TUV_03_Landflucht.md · TUV_04_Leben_in_der_Stadt.md · TUV_05_Streik_und_Gewerkschaft.md	MP_N18_Sk_KE GPG7 LB3 real Anker Umsetzung
LP+-Verortung: In welcher Jahrgangsstufe und welchem Lernbereich verlangt der LehrplanPLUS das Thema „Übergang Agrar- zur Industriegesellschaft — Stadtentwicklung“ — und mit welchem Operator?	GPG7 LB3 (Zug R+M)  ·  Operator: analysieren / darstellen  ·  AFB II–III<br><br>Wortlaut: „analysieren unter ausgewählten Aspekten (z. B. Bevölkerungswachstum, Arbeitersiedlungen) die Entwicklung einer Stadt Ende des 19. Jahrhunderts in Deutschland, um den Übergang von der Agrar- zur Industriegesellschaft darzustellen.“	LehrplanPLUS MS Bayern · GPG7 · LB3 Politik und Gesellschaft | Belegcluster D · TUV_03-04_Landflucht_Leben_in_der_Stadt.md	MP_N18_Sk_KE GPG7 LB3 real Verortung
GPG7 LB3 „analysieren unter ausgewählten Aspekten (z. B. Bevölkerungswachstum, Arbeitersiedlungen) die Entwicklung einer Stadt End...“ — Nenne ein Unterrichtsbeispiel und die abgedeckten didaktischen Prinzipien.	Umsetzung [real]: UZE Landflucht und „Leben in der Stadt“ — Push/Pull und Lebensbedingungen (GPG7c und GPG7b, 06.–09.03.2026)<br><br>Verlauf: Push/Pull-Faktoren-Tabelle zur Landflucht (Johann) → Bildanalyse städtischer Lebensbedingungen (Anna): Wohnen, Hygiene, Kinderarbeit → Vergleich Dorf/Stadt → Sicherung als Strukturschema Agrar → Industrie.<br><br>Prinzipien: Quellenarbeit, Lebensweltbezug, Multiperspektivität	LehrplanPLUS MS Bayern · GPG7 · LB3 Politik und Gesellschaft | Belegcluster D · TUV_03-04_Landflucht_Leben_in_der_Stadt.md	MP_N18_Sk_KE GPG7 LB3 real Umsetzung
LP+-Verortung: In welcher Jahrgangsstufe und welchem Lernbereich verlangt der LehrplanPLUS das Thema „Erster Weltkrieg — Ursachen und Kriegsschuldfrage“ — und mit welchem Operator?	GPG7 LB3 (Zug R+M)  ·  Operator: erläutern / diskutieren  ·  AFB II–III<br><br>Wortlaut: „erläutern die Ursachen des Ersten Weltkrieges und diskutieren die Kriegsschuldfrage unter Einbezug aktueller Forschungsergebnisse.“	LehrplanPLUS MS Bayern · GPG7 · LB3 Politik und Gesellschaft | Belegcluster J · 05_Erster_Weltkrieg/	MP_N18_Sk_KE GPG7 LB3 real Verortung
GPG7 LB3 „erläutern die Ursachen des Ersten Weltkrieges und diskutieren die Kriegsschuldfrage unter Einbezug aktueller Forschungse...“ — Nenne ein Unterrichtsbeispiel und die abgedeckten didaktischen Prinzipien.	Umsetzung [real]: Sequenz „Erster Weltkrieg“ — Pulverfass Europa und Attentat von Sarajewo (GPG7b, ab 04.05.2026 (laufend, KW19–22 geplant))<br><br>Verlauf: UE01 „Pulverfass Europa“ (Bündnissystem, Imperialismus als Vorgeschichte) → UE02 Attentat von Sarajewo (Ereignis-Ketten-Analyse) → Kriegsschuldfrage als Pro-Contra geplant → weitere UEs bis 22.05.2026.<br><br>Prinzipien: Pro-Contra-Debatte / politische Urteilsbildung, Multiperspektivität, Quellenarbeit	LehrplanPLUS MS Bayern · GPG7 · LB3 Politik und Gesellschaft | Belegcluster J · 05_Erster_Weltkrieg/	MP_N18_Sk_KE GPG7 LB3 real Umsetzung
LP+-Verortung: In welcher Jahrgangsstufe und welchem Lernbereich verlangt der LehrplanPLUS das Thema „Versailler Friedensvertrag — Bestimmungen und Folgen“ — und mit welchem Operator?	GPG7 LB3 (Zug R / M)  ·  Operator: erläutern / begründen (R) — selbständig darstellen / diskutieren (M)  ·  AFB II (R) / III (M)<br><br>Wortlaut: „erläutern die wesentlichen militärischen, territorialen und wirtschaftlichen Bestimmungen des Versailler Friedensvertrags, um die entstehende Unzufriedenheit der unterschiedlichen gesellschaftlichen Schichten im Deutschen Reich zu begründen.“	LehrplanPLUS MS Bayern · GPG7 · LB3 Politik und Gesellschaft | idealtypisch — Sequenz Erster Weltkrieg GPG7b läuft, die Versailles-UE ist noch nicht durchgeführt	MP_N18_Sk_KE GPG7 LB3 idealtypisch Verortung
GPG7 LB3 „erläutern die wesentlichen militärischen, territorialen und wirtschaftlichen Bestimmungen des Versailler Friedensvertrag...“ — Nenne ein Unterrichtsbeispiel und die abgedeckten didaktischen Prinzipien.	Umsetzung [idealtypisch]: UE „Der Vertrag von Versailles — Frieden oder Demütigung?“ — Fallanalyse eines Dokuments<br><br>Verlauf: Kartenarbeit territoriale Verluste → arbeitsteilige Erschließung militärisch / territorial / wirtschaftlich → Perspektivkarten verschiedener Schichten („Wie reagiert ein Arbeiter / ein Offizier / ein Unternehmer?“) → Urteilsfrage zur Folgenwirkung.<br><br>Prinzipien: Multiperspektivität, Quellenarbeit, Kompetenzstrukturmodell GPG	LehrplanPLUS MS Bayern · GPG7 · LB3 Politik und Gesellschaft | idealtypisch — Sequenz Erster Weltkrieg GPG7b läuft, die Versailles-UE ist noch nicht durchgeführt	MP_N18_Sk_KE GPG7 LB3 idealtypisch Umsetzung
LP+-Verortung: In welcher Jahrgangsstufe und welchem Lernbereich verlangt der LehrplanPLUS das Thema „Recht — rechtsbedeutsame Altersstufen“ — und mit welchem Operator?	GPG7 LB4 (Zug R / M)  ·  Operator: benennen (R) / darstellen (M)  ·  AFB I (R) / I–II (M)<br><br>Wortlaut: „benennen die rechtsbedeutsamen Altersstufen für Jugendliche und übertragen die Bedeutung rechtlicher Regelungen auf das eigene Leben.“	LehrplanPLUS MS Bayern · GPG7 · LB4 Lebenswelt | Belegcluster C · Sequenzplan Recht GPG7c	MP_N18_Sk_KE GPG7 LB4 real Verortung
GPG7 LB4 „benennen die rechtsbedeutsamen Altersstufen für Jugendliche und übertragen die Bedeutung rechtlicher Regelungen auf das ...“ — Nenne ein Unterrichtsbeispiel und die abgedeckten didaktischen Prinzipien.	Umsetzung [real]: UE2 „Rechtliche Altersstufen + Jugendschutzgesetz“ — Stationenlernen (GPG7c (90 min) und GPG7b, 12.01.2026 (7c) · 30.01.2026 (7b))<br><br>Verlauf: 5 Stationen (Ausgehen / Alkohol / Strafmündigkeit / Einkaufen / Arbeiten) mit Fallkarten → Filmausschnitt „Gangsterläufer“ → Transfer „Was darf ich mit 14 / 16 / 18?“ auf das eigene Leben.<br><br>Prinzipien: Lebensweltbezug, Handlungsorientierung, Fallanalyse	LehrplanPLUS MS Bayern · GPG7 · LB4 Lebenswelt | Belegcluster C · Sequenzplan Recht GPG7c	MP_N18_Sk_KE GPG7 LB4 real Umsetzung
LP+-Verortung: In welcher Jahrgangsstufe und welchem Lernbereich verlangt der LehrplanPLUS das Thema „Recht — Jugendschutzgesetz und Jugendstrafrecht“ — und mit welchem Operator?	GPG7 LB4 (Zug R / M)  ·  Operator: zusammenfassen + beurteilen (R) / erläutern + diskutieren (M)  ·  AFB II–III<br><br>Wortlaut: „fassen wesentliche Bestimmungen des Jugendschutzgesetzes und des Jugendstrafrechts zusammen und beurteilen die Bedeutsamkeit der Gesetze für den eigenen Lebensbereich.“	LehrplanPLUS MS Bayern · GPG7 · LB4 Lebenswelt | Belegcluster C · Sequenzplan Recht GPG7c	MP_N18_Sk_KE GPG7 LB4 real Verortung
GPG7 LB4 „fassen wesentliche Bestimmungen des Jugendschutzgesetzes und des Jugendstrafrechts zusammen und beurteilen die Bedeutsam...“ — Nenne ein Unterrichtsbeispiel und die abgedeckten didaktischen Prinzipien.	Umsetzung [real]: UE3 + UE4a „Jugendstrafrecht-Grundlagen + Sanktionsmöglichkeiten“ (GPG7c und GPG7b, 19.01.2026 (7c))<br><br>Verlauf: UE3: Diskussion Strafmündigkeit + Meinungslinie + Fallanalysen JuSchG → UE4a: Erarbeitung Erziehungsmaßregeln / Zuchtmittel / Jugendstrafe als dreistufiger Sanktionskatalog → Beurteilung der Bedeutsamkeit für den eigenen Lebensbereich.<br><br>Prinzipien: Politische / rechtliche Urteilsbildung, Fallanalyse, Lebensweltbezug	LehrplanPLUS MS Bayern · GPG7 · LB4 Lebenswelt | Belegcluster C · Sequenzplan Recht GPG7c	MP_N18_Sk_KE GPG7 LB4 real Umsetzung
LP+-Verortung: In welcher Jahrgangsstufe und welchem Lernbereich verlangt der LehrplanPLUS das Thema „Recht — Jugendstrafrecht und Strafbemessung“ — und mit welchem Operator?	GPG7 LB4 (Zug R+M (wortgleich))  ·  Operator: diskutieren  ·  AFB III<br><br>Wortlaut: „diskutieren grundlegende Bestimmungen des Jugendstrafrechts sowie die präventiv und pädagogisch ausgerichtete Strafbemessung anhand einer öffentlichen Gerichtsverhandlung.“	LehrplanPLUS MS Bayern · GPG7 · LB4 Lebenswelt — R und M wortgleich (stärkstes Pflichtzitat) | Belegcluster C · ELP_Artikulation_Tabelle_v7.2 · Sequenzplan Recht GPG7c	MP_N18_Sk_KE GPG7 LB4 real Anker Verortung
GPG7 LB4 „diskutieren grundlegende Bestimmungen des Jugendstrafrechts sowie die präventiv und pädagogisch ausgerichtete Strafbemes...“ — Nenne ein Unterrichtsbeispiel und die abgedeckten didaktischen Prinzipien.	Umsetzung [real]: UE4b + UE5 ELP „Welche Strafe ist für Leon passend?“ — Fallanalyse als Erweiterte Lehrprobe (GPG7c (ELP-Format) · GPG7b (ohne ELP-Format), UE4b 23.01.2026 · UE5 ELP 26.01.2026)<br><br>Verlauf: UE4b „Hilfe oder Strafe?“: Fallanalyse-Vorbereitung mit Modellfällen. UE5 ELP (5-Phasen GPG GB §5.5): Phase 1 Schlagzeile + Audio + Stundenfrage → Phase 2 Think-Pair-Share mit Multiperspektivität (3 Perspektiven Täter/Opfer/Gesellschaft × 8 Teams, Miro) → Phase 3 Merksatz „Strafe hängt von Information und Sichtweise...<br><br>Prinzipien: Fallanalyse / kasuistisches Verfahren, Multiperspektivität, Beutelsbacher Konsens, Handlungsorientierung, Werterziehung, Erkundung / Außerschulische Lernorte	LehrplanPLUS MS Bayern · GPG7 · LB4 Lebenswelt — R und M wortgleich (stärkstes Pflichtzitat) | Belegcluster C · ELP_Artikulation_Tabelle_v7.2 · Sequenzplan Recht GPG7c	MP_N18_Sk_KE GPG7 LB4 real Anker Umsetzung
LP+-Verortung: In welcher Jahrgangsstufe und welchem Lernbereich verlangt der LehrplanPLUS das Thema „Recht — aktuelle kriminelle Tat und mögliche Strafen“ — und mit welchem Operator?	GPG7 LB4 (Zug R / M)  ·  Operator: berichten + diskutieren (R) / selbständig recherchieren + berichten + diskutieren (M)  ·  AFB II–III<br><br>Wortlaut: „berichten über eine aktuelle kriminelle Tat (z. B. Jugendgewalt, Internetkriminalität) und diskutieren die möglichen Strafen für die Täterin bzw. den Täter.“	LehrplanPLUS MS Bayern · GPG7 · LB4 Lebenswelt | Belegcluster C · ELP_Artikulation_Tabelle_v7.2	MP_N18_Sk_KE GPG7 LB4 real Verortung
GPG7 LB4 „berichten über eine aktuelle kriminelle Tat (z. B. Jugendgewalt, Internetkriminalität) und diskutieren die möglichen Str...“ — Nenne ein Unterrichtsbeispiel und die abgedeckten didaktischen Prinzipien.	Umsetzung [real]: ELP-Einstieg „Welche Strafe ist für Leon passend?“ — aktueller Spiegel-Fall als Identifikationsfigur (GPG7c und GPG7b, 26.01.2026 (ELP) und Sequenzverlauf Januar 2026)<br><br>Verlauf: Schlagzeile „14-Jähriger verletzt 15-Jährigen mit Messer“ (anonymisiert aus Spiegel-Artikel Nürnberg-Messer 2024) → Audio Yerlin/Munus als Peergroup-Kontext → Stundenfrage „Welche Strafe ist für Leon passend?“ → Recherche zu möglichen Strafen → Diskussion an der Meinungslinie.<br><br>Prinzipien: Aktualität / Lebensweltbezug, Fallanalyse, Pro-Contra-Debatte / politische Urteilsbildung, Beutelsbacher Konsens	LehrplanPLUS MS Bayern · GPG7 · LB4 Lebenswelt | Belegcluster C · ELP_Artikulation_Tabelle_v7.2	MP_N18_Sk_KE GPG7 LB4 real Umsetzung
LP+-Verortung: In welcher Jahrgangsstufe und welchem Lernbereich verlangt der LehrplanPLUS das Thema „Verfassung — parlamentarische Gesetzgebung“ — und mit welchem Operator?	GPG8 LB3 (Zug R / M)  ·  Operator: beschreiben (R) / erklären (M) + diskutieren  ·  AFB I→II (R→M) + III<br><br>Wortlaut: „beschreiben die Aufgaben wichtiger parlamentarischer Institutionen bei der Gesetzgebung anhand eines aktuellen Fallbeispiels und diskutieren den Sinn dieser Regelungen für die Zielsetzungen von Legitimität, Effizienz und Allgemeinwohl.“	LehrplanPLUS MS Bayern · GPG8 · LB3 Politik und Gesellschaft | idealtypisch — kein eigenes GPG8-Schriftwesen vorliegend	MP_N18_Sk_KE GPG8 LB3 idealtypisch Anker Verortung
GPG8 LB3 „beschreiben die Aufgaben wichtiger parlamentarischer Institutionen bei der Gesetzgebung anhand eines aktuellen Fallbeisp...“ — Nenne ein Unterrichtsbeispiel und die abgedeckten didaktischen Prinzipien.	Umsetzung [idealtypisch]: Fallanalyse „Wie entsteht ein Gesetz?“ — Gesetzgebungsweg an einem aktuellen Gesetzentwurf<br><br>Verlauf: aktueller Gesetzentwurf als Fall → Rekonstruktion des Wegs Initiative → Bundestag → Bundesrat → Verkündung → Pro-Contra „Ist dieses Verfahren sinnvoll?“ entlang der Kriterien Legitimität / Effizienz / Allgemeinwohl.<br><br>Prinzipien: Fallanalyse, Pro-Contra-Debatte / politische Urteilsbildung, Kompetenzstrukturmodell GPG, Aktualität / Lebensweltbezug	LehrplanPLUS MS Bayern · GPG8 · LB3 Politik und Gesellschaft | idealtypisch — kein eigenes GPG8-Schriftwesen vorliegend	MP_N18_Sk_KE GPG8 LB3 idealtypisch Anker Umsetzung
LP+-Verortung: In welcher Jahrgangsstufe und welchem Lernbereich verlangt der LehrplanPLUS das Thema „Nationalsozialismus — Widerstand und Zivilcourage“ — und mit welchem Operator?	GPG8 LB3 (Zug R+M)  ·  Operator: erläutern / diskutieren / erkennen  ·  AFB II–III<br><br>Wortlaut: „erläutern Motive und Formen des Widerstands einzelner Gruppen unter dem Nationalsozialismus, diskutieren Möglichkeiten und Grenzen, Menschenrechte auch in einer Demokratie einzufordern und erkennen dabei Zivilcourage als eine zum Erhalt und zur Stabilisierung demokratischer Gesellschaftsstrukturen unverzichtbare Voraussetzung.“	LehrplanPLUS MS Bayern · GPG8 · LB3 Politik und Gesellschaft | idealtypisch — kein eigenes GPG8-Schriftwesen vorliegend	MP_N18_Sk_KE GPG8 LB3 idealtypisch Verortung
GPG8 LB3 „erläutern Motive und Formen des Widerstands einzelner Gruppen unter dem Nationalsozialismus, diskutieren Möglichkeiten u...“ — Nenne ein Unterrichtsbeispiel und die abgedeckten didaktischen Prinzipien.	Umsetzung [idealtypisch]: UE „Warum riskierten sie ihr Leben?“ — Widerstandsgruppen und der Transfer auf Zivilcourage heute<br><br>Verlauf: arbeitsteilige Erarbeitung von Widerstandsgruppen → Motiv-Analyse → Dilemma-Diskussion „Hätte ich mich getraut?“ → Transfer: Zivilcourage-Situationen aus der Lebenswelt der SuS.<br><br>Prinzipien: Werterziehung, Demokratielernen, Multiperspektivität, Aktualität / Lebensweltbezug	LehrplanPLUS MS Bayern · GPG8 · LB3 Politik und Gesellschaft | idealtypisch — kein eigenes GPG8-Schriftwesen vorliegend	MP_N18_Sk_KE GPG8 LB3 idealtypisch Umsetzung
LP+-Verortung: In welcher Jahrgangsstufe und welchem Lernbereich verlangt der LehrplanPLUS das Thema „Politische Teilhabe — Mitwirkungsmöglichkeiten“ — und mit welchem Operator?	GPG8 LB4 (Zug R / M)  ·  Operator: beschreiben (R) / erklären (M) + beurteilen + diskutieren  ·  AFB I→II + III<br><br>Wortlaut: „beschreiben die Möglichkeiten der politischen Teilhabe der Bürgerinnen und Bürger in der Demokratie, beurteilen deren Mitwirkungsmöglichkeiten und diskutieren sie als eigene zukünftige Handlungsmöglichkeiten.“	LehrplanPLUS MS Bayern · GPG8 · LB4 Lebenswelt | idealtypisch — kein eigenes GPG8-Schriftwesen vorliegend	MP_N18_Sk_KE GPG8 LB4 idealtypisch Anker Verortung
GPG8 LB4 „beschreiben die Möglichkeiten der politischen Teilhabe der Bürgerinnen und Bürger in der Demokratie, beurteilen deren Mi...“ — Nenne ein Unterrichtsbeispiel und die abgedeckten didaktischen Prinzipien.	Umsetzung [idealtypisch]: UE „Wie kann ich mitmischen?“ — Beteiligungsformen als eigene Handlungsoptionen<br><br>Verlauf: Sammlung von Beteiligungsformen → Einordnung auf einer Beteiligungsleiter → Bewertung nach Wirksamkeit/Aufwand → Diskussion „Welche Form werde ich später nutzen?“.<br><br>Prinzipien: Mündigkeit (Detjen), Demokratielernen, Handlungsorientierung, Politische Urteilsbildung	LehrplanPLUS MS Bayern · GPG8 · LB4 Lebenswelt | idealtypisch — kein eigenes GPG8-Schriftwesen vorliegend	MP_N18_Sk_KE GPG8 LB4 idealtypisch Anker Umsetzung
LP+-Verortung: In welcher Jahrgangsstufe und welchem Lernbereich verlangt der LehrplanPLUS das Thema „Wahlen — Wahlbeteiligung von Erstwählern“ — und mit welchem Operator?	GPG8 LB4 (Zug R+M)  ·  Operator: analysieren / diskutieren  ·  AFB II–III<br><br>Wortlaut: „analysieren die Wahlbeteiligung einer aktuellen Bundes- oder Landtagswahl und diskutieren Gründe für die geringe Wahlbeteiligung von Erstwählerinnen und Erstwählern.“	LehrplanPLUS MS Bayern · GPG8 · LB4 Lebenswelt | idealtypisch — kein eigenes GPG8-Schriftwesen vorliegend	MP_N18_Sk_KE GPG8 LB4 idealtypisch Verortung
GPG8 LB4 „analysieren die Wahlbeteiligung einer aktuellen Bundes- oder Landtagswahl und diskutieren Gründe für die geringe Wahlbet...“ — Nenne ein Unterrichtsbeispiel und die abgedeckten didaktischen Prinzipien.	Umsetzung [idealtypisch]: Aktualstunde „Warum gehen junge Leute nicht wählen?“ — Statistikanalyse einer aktuellen Wahl<br><br>Verlauf: Diagrammanalyse Wahlbeteiligung nach Altersgruppen → Hypothesen sammeln → Diskussion der Gründe → Transfer „Was würde euch zum Wählen bewegen?“.<br><br>Prinzipien: Aktualität / Lebensweltbezug, Quellenarbeit, Pro-Contra-Debatte / politische Urteilsbildung	LehrplanPLUS MS Bayern · GPG8 · LB4 Lebenswelt | idealtypisch — kein eigenes GPG8-Schriftwesen vorliegend	MP_N18_Sk_KE GPG8 LB4 idealtypisch Umsetzung
LP+-Verortung: In welcher Jahrgangsstufe und welchem Lernbereich verlangt der LehrplanPLUS das Thema „Friedenssicherung — nationale und internationale Organisationen“ — und mit welchem Operator?	GPG9 LB3 (Zug R / M)  ·  Operator: darstellen / diskutieren (R) — + begründen (M)  ·  AFB II–III<br><br>Wortlaut: „stellen Organisationen der nationalen und internationalen Friedenssicherung dar und diskutieren deren Rolle in aktuellen humanitären und militärischen Einsätzen.“	LehrplanPLUS MS Bayern · GPG9 · LB3 Politik und Gesellschaft | idealtypisch — kein eigenes GPG9-Schriftwesen vorliegend	MP_N18_Sk_KE GPG9 LB3 idealtypisch Anker Verortung
GPG9 LB3 „stellen Organisationen der nationalen und internationalen Friedenssicherung dar und diskutieren deren Rolle in aktuellen...“ — Nenne ein Unterrichtsbeispiel und die abgedeckten didaktischen Prinzipien.	Umsetzung [idealtypisch]: UE „Wer sichert den Frieden?“ — Organisationen und ein aktueller Einsatz<br><br>Verlauf: Organisationen-Steckbriefe (UNO, NATO, Bundeswehr) → Fallanalyse eines aktuellen Einsatzes → Pro-Contra „War dieser Einsatz gerechtfertigt?“.<br><br>Prinzipien: Pro-Contra-Debatte / politische Urteilsbildung, Aktualität / Lebensweltbezug, Multiperspektivität, Kompetenzstrukturmodell GPG	LehrplanPLUS MS Bayern · GPG9 · LB3 Politik und Gesellschaft | idealtypisch — kein eigenes GPG9-Schriftwesen vorliegend	MP_N18_Sk_KE GPG9 LB3 idealtypisch Anker Umsetzung
LP+-Verortung: In welcher Jahrgangsstufe und welchem Lernbereich verlangt der LehrplanPLUS das Thema „Migration — Ursachen, Herausforderungen und Chancen“ — und mit welchem Operator?	GPG9 LB4 (Zug R / M)  ·  Operator: erklären (R) / analysieren (M) + diskutieren  ·  AFB II→III (R→M) + III<br><br>Wortlaut: „erklären Ursachen von Migrationsbewegungen, nennen politische Entscheidungen sowie getroffene Maßnahmen in ihrer Region und diskutieren Herausforderungen und Chancen der Migration für unsere Gesellschaft.“	LehrplanPLUS MS Bayern · GPG9 · LB4 Lebenswelt — LB mit explizitem Multiperspektivitäts-Bezug | idealtypisch — kein eigenes GPG9-Schriftwesen vorliegend; adjazenter realer Bezug: Brücke Landflucht 19. Jh. ↔ heutige Migration in der Industrialisierungs-Sequenz GPG7 (Belegcluster D).	MP_N18_Sk_KE GPG9 LB4 idealtypisch Anker Verortung
GPG9 LB4 „erklären Ursachen von Migrationsbewegungen, nennen politische Entscheidungen sowie getroffene Maßnahmen in ihrer Region ...“ — Nenne ein Unterrichtsbeispiel und die abgedeckten didaktischen Prinzipien.	Umsetzung [idealtypisch]: Sequenz „Migration — Herausforderung und Chance“ — Push/Pull und regionale Maßnahmen<br><br>Verlauf: Push/Pull-Faktoren-Analyse → regionale Maßnahmen recherchieren → Pro-Contra „Herausforderungen und Chancen“ aus mehreren gesellschaftlichen Perspektiven.<br><br>Prinzipien: Multiperspektivität, Pro-Contra-Debatte / politische Urteilsbildung, Beutelsbacher Konsens, Aktualität / Lebensweltbezug	LehrplanPLUS MS Bayern · GPG9 · LB4 Lebenswelt — LB mit explizitem Multiperspektivitäts-Bezug | idealtypisch — kein eigenes GPG9-Schriftwesen vorliegend; adjazenter realer Bezug: Brücke Landflucht 19. Jh. ↔ heutige Migration in der Industrialisierungs-Sequenz GPG7 (Belegcluster D).	MP_N18_Sk_KE GPG9 LB4 idealtypisch Anker Umsetzung
LP+-Verortung: In welcher Jahrgangsstufe und welchem Lernbereich verlangt der LehrplanPLUS das Thema „Aktueller gesellschaftlicher Konflikt — Mehrperspektivenanalyse“ — und mit welchem Operator?	GPG9 LB4 (Zug R / M)  ·  Operator: recherchieren + bewerten (R) / + präsentieren + erörtern (M)  ·  AFB II–III<br><br>Wortlaut: „recherchieren Ursachen und Auswirkungen eines aktuellen gesellschaftlichen Konfliktes und bewerten diesen aus unterschiedlichen Perspektiven.“	LehrplanPLUS MS Bayern · GPG9 · LB4 Lebenswelt | idealtypisch — kein eigenes GPG9-Schriftwesen vorliegend	MP_N18_Sk_KE GPG9 LB4 idealtypisch Verortung
GPG9 LB4 „recherchieren Ursachen und Auswirkungen eines aktuellen gesellschaftlichen Konfliktes und bewerten diesen aus unterschie...“ — Nenne ein Unterrichtsbeispiel und die abgedeckten didaktischen Prinzipien.	Umsetzung [idealtypisch]: Projekt „Konflikt im Fokus“ — selbst gewählter aktueller Konflikt, mehrperspektivisch<br><br>Verlauf: SuS wählen einen aktuellen Konflikt → arbeitsteilige Recherche pro Perspektive → Präsentation der Perspektiven → gemeinsame Bewertung/Erörterung an Kriterien.<br><br>Prinzipien: Multiperspektivität, Aktualität / Lebensweltbezug, Pro-Contra-Debatte / politische Urteilsbildung, Quellenarbeit	LehrplanPLUS MS Bayern · GPG9 · LB4 Lebenswelt | idealtypisch — kein eigenes GPG9-Schriftwesen vorliegend	MP_N18_Sk_KE GPG9 LB4 idealtypisch Umsetzung
LP+-Verortung: In welcher Jahrgangsstufe und welchem Lernbereich verlangt der LehrplanPLUS das Thema „Grund- und Menschenrechte — schützenswerte Basis“ — und mit welchem Operator?	GPG10 LB3 (Zug M)  ·  Operator: definieren  ·  AFB III (normativ)<br><br>Wortlaut: „definieren die Grund- und Menschenrechte als schützenswerte Basis gesellschaftlichen Zusammenlebens.“	LehrplanPLUS MS Bayern · GPG10 · LB3 Politik und Gesellschaft (M-Zug) | idealtypisch — kein eigenes GPG10-Schriftwesen vorliegend	MP_N18_Sk_KE GPG10 LB3 idealtypisch Anker Verortung
GPG10 LB3 „definieren die Grund- und Menschenrechte als schützenswerte Basis gesellschaftlichen Zusammenlebens.“ — Nenne ein Unterrichtsbeispiel und die abgedeckten didaktischen Prinzipien.	Umsetzung [idealtypisch]: UE „Was sind unsere Rechte wert?“ — Grundrechte als normative Basis<br><br>Verlauf: Grundrechtskatalog erarbeiten → Fallbeispiele „Grundrecht in Gefahr“ → SuS formulieren eine eigene Definition der Grund- und Menschenrechte als „schützenswerte Basis“ → Diskussion der Schutzbedürftigkeit.<br><br>Prinzipien: Werterziehung, Mündigkeit (Detjen), Fallanalyse	LehrplanPLUS MS Bayern · GPG10 · LB3 Politik und Gesellschaft (M-Zug) | idealtypisch — kein eigenes GPG10-Schriftwesen vorliegend	MP_N18_Sk_KE GPG10 LB3 idealtypisch Anker Umsetzung
LP+-Verortung: In welcher Jahrgangsstufe und welchem Lernbereich verlangt der LehrplanPLUS das Thema „Bundesverfassungsgericht — Rolle im politischen System“ — und mit welchem Operator?	GPG10 LB3 (Zug M)  ·  Operator: darstellen / erörtern  ·  AFB II–III<br><br>Wortlaut: „stellen die Rolle des Bundesverfassungsgerichts in unserem politischen System dar und erörtern seine Bedeutung für den Schutz der Grund- und Menschenrechte in Deutschland an einem selbst recherchierten Beispiel.“	LehrplanPLUS MS Bayern · GPG10 · LB3 Politik und Gesellschaft (M-Zug) | idealtypisch — kein eigenes GPG10-Schriftwesen vorliegend	MP_N18_Sk_KE GPG10 LB3 idealtypisch Anker Verortung
GPG10 LB3 „stellen die Rolle des Bundesverfassungsgerichts in unserem politischen System dar und erörtern seine Bedeutung für den S...“ — Nenne ein Unterrichtsbeispiel und die abgedeckten didaktischen Prinzipien.	Umsetzung [idealtypisch]: Fallanalyse „Karlsruhe entscheidet“ — ein selbst recherchiertes BVerfG-Urteil<br><br>Verlauf: Stellung des BVerfG im Verfassungsgefüge → SuS recherchieren selbstständig ein BVerfG-Urteil → Fallpräsentation → Erörterung „Wie schützt das Gericht hier Grundrechte?“.<br><br>Prinzipien: Fallanalyse, Kompetenzstrukturmodell GPG, Quellenarbeit, Mündigkeit (Detjen)	LehrplanPLUS MS Bayern · GPG10 · LB3 Politik und Gesellschaft (M-Zug) | idealtypisch — kein eigenes GPG10-Schriftwesen vorliegend	MP_N18_Sk_KE GPG10 LB3 idealtypisch Anker Umsetzung
LP+-Verortung: In welcher Jahrgangsstufe und welchem Lernbereich verlangt der LehrplanPLUS das Thema „Politische Willensbildung — Beteiligung erproben“ — und mit welchem Operator?	GPG10 LB4 (Zug M)  ·  Operator: darstellen / erproben  ·  AFB II + Anwendung/Handlung<br><br>Wortlaut: „stellen den Prozess der politischen Willensbildung dar und erproben Einfluss- und Beteiligungsmöglichkeiten politischer Mitwirkung.“	LehrplanPLUS MS Bayern · GPG10 · LB4 Lebenswelt (M-Zug) — einzige Stufe mit „erproben“ über den Nahraum hinaus | idealtypisch — kein eigenes GPG10-Schriftwesen vorliegend	MP_N18_Sk_KE GPG10 LB4 idealtypisch Anker Verortung
GPG10 LB4 „stellen den Prozess der politischen Willensbildung dar und erproben Einfluss- und Beteiligungsmöglichkeiten politischer ...“ — Nenne ein Unterrichtsbeispiel und die abgedeckten didaktischen Prinzipien.	Umsetzung [idealtypisch]: Projekt „Mischen wir mit“ — politische Willensbildung darstellen und erproben<br><br>Verlauf: Prozessmodell der Willensbildung (Meinung → Öffentlichkeit → Parteien/Verbände → Entscheidung) → SuS erproben eine reale Beteiligungsform (Petition, Eingabe, Leserbrief, Beteiligungsplattform) → Reflexion der Wirksamkeit.<br><br>Prinzipien: Handlungsorientierung — Realhandeln, Demokratielernen, Mündigkeit (Detjen), Kompetenzstrukturmodell GPG	LehrplanPLUS MS Bayern · GPG10 · LB4 Lebenswelt (M-Zug) — einzige Stufe mit „erproben“ über den Nahraum hinaus | idealtypisch — kein eigenes GPG10-Schriftwesen vorliegend	MP_N18_Sk_KE GPG10 LB4 idealtypisch Anker Umsetzung
